prolific_id,lhq_id
5f5f5013f947f6000bd8ddcb,asne5
5ef34cc943115906d6aa397f,qywv1
5e67032bc302df492496fbaa,xszq4
5ea01b4b2d7b4d0243d93f78,nvhc0
5df5203b13064438b20e613e,lien1
5eb08706ca93a41222c8425a,scve0
5ed39d114858d002a0691781,bbdd0
5f511be28ba7012e8c040f50,qijt0
5dab79a5525a7600139cd31e,izqb8
5f2bffa8d4f0d601244ab240,rkus0
5f13863cc6197238777ba81e,aftb8
5f981fb725661e076417fe35,attv3
5fbb445fed317dc4907cfad4,wezo0
5d02c0e382e4f00001aa20cd,ezgd4
5f4ccbb4c3368e7d1a66c89c,ucei3
5fbe5815ac295e370d46b29f,tdxc6
5fac89c216b5ae293eb9cfd9,gukx3
5dc483cf74939e34e55c3619,bnuq0
5d3df88c6a5b1e0001a91d8d,ontl7
5ae1c385b0d05100015d0978,vqed8
542c323bfdf99b324ea3808d,lqjv6
5f5cec650b0897514bcf5cd2,cvfi4
5b67bffa9ed653000189ff3c,vzpf8
5d5515d7092f860018ceb21e,nklp7
5df216021d6b46119b5b5db9,yybc5
5fc18d478a746025809c8d29,cyud1
5a5c0728ac5624000153f533,msmw6
5f4000a47ed89c0e7f2e3760,prvj5
5f09c130f7d3020469a356a2,nkvj2
5ece7b97ba09f5253c4c0238,bkjl8
5c6d0da2d5221b000101da81,gpgo9
5b0d7e4a1e55760001b98442,kqcc5
5fad49057daf5f0162284e86,ekqt7
5f19dc86afa07c0894f60578,svbp5
5f4e8e05550a4d095a76387f,kkij2
5f68f02c41716709ee9be42d,dlcr5
5f4056738318181904984b01,demx9
5f6265b707ccb62ae21f22a2,lstg8
5ee67e08ae1ebf0b622da12f,noxd2
5fd77adb7bc08d08d85542cc,ollq3
5f6916f985575a0f22ec8f69,isjb1
5cf5fe247ce340001ac0bdd8,wqsk6
5a56481276d1c60001aaeb61,xexe9
60069526535f9aa0acab5ba3,jtvz9
5f4bf4536b68b57e64ad4f2d,cele3
5ad9fe1b80491c000142e065,raik2
5fb409b846be3f02e4bba819,rliw1
5f2dfe7552744f15bee0423c,rmmp5
5eb5cb8ddef42c4ad1456dd9,cpcq2
5f2e22b0d49b95188fd9b5a3,wczz0
563bb259be9cac0005aab7ab,gqwk4
5fd9684eb6ce932447f5e810,qdom7
5ec5a55832a7515e8324a8a8,ykfx0
5ffdbbc7ccbb0e317390f548,uamb5
5f641323fc170219bf367bb9,tpac9
5c1bbb2a1ba5780001a66149,bbqm1
5f00962ef7b0241ae371d912,kpkq9
5e111e34e69d0a80632daba6,tfyw5
5f6aca6b9b8c12072e3b670c,oboa6
5f7cada3fac3bc114cb6d6b8,whik6
5ea245add2bc1c15dfed3c2d,vooq8
