"","."
"1","5b67bffa9ed653000189ff3c"
"2","5b77869d338a9300015468cf"
"3","5c72dea09048710001bce0d4"
"4","5d159d0a8078020016aa60b9"
"5","5d3df88c6a5b1e0001a91d8d"
"6","5d5c7b0c98683400182d00cb"
"7","5dab79a5525a7600139cd31e"
"8","5dc483cf74939e34e55c3619"
"9","5e5e06a0394d0811996bd24a"
"10","5e9133f704391d46ee2bcb31"
"11","5e9546ebbc08e21354f19f4d"
"12","5ea01b4b2d7b4d0243d93f78"
"13","5eb0cb5afb9e2418da928edb"
"14","5eb471789686d82c24661cb3"
"15","5ec5a561c1172f5f55cfb425"
"16","5ed39d114858d002a0691781"
"17","5ef34cc943115906d6aa397f"
"18","5f10dbe567c6dd412e0738cf"
"19","5f2bffa8d4f0d601244ab240"
"20","5f2f0ce447c28c13b4644609"
"21","5f4928d947b9fe312e9980ad"
"22","5f51e044db8a35429f9d6e7b"
"23","5f5f5013f947f6000bd8ddcb"
"24","5f627f278e84972eba87f841"
"25","5f83e5fac85c275782756b34"
"26","5f989fa02b5a611b2df1a305"
"27","5fa0bf0afbd42f13cf56e987"
"28","5fac89c216b5ae293eb9cfd9"
"29","5fad49057daf5f0162284e86"
"30","5fbb445fed317dc4907cfad4"
"31","5fc58e33547d7a109d04a2b4"
"32","5fc9b1252395584af6debd51"
"33","5fceb47a2cc34e169c85d3d7"
"34","5fd34418e94b23000a800dcc"
"35","5fd529f2c346b034c758c278"
