participant,exp,language,intercept,slope,co,l1,score
563bb259be9cac0005aab7ab,stops,english,0.044010780022551925,1.7960349226269292,-0.02450441217377921,Spanish,90
563bb259be9cac0005aab7ab,stops,hungarian,0.45104203892109884,2.553144223525242,-0.1766614023466033,Spanish,90
563bb259be9cac0005aab7ab,stops,spanish,0.04722206462574661,1.6090441575122845,-0.029347898505629473,Spanish,90
563bb259be9cac0005aab7ab,vowels,english,28.500993960829433,497.94689443984794,-0.05723701518992475,Spanish,90
563bb259be9cac0005aab7ab,vowels,hungarian,5.546741422444063,50.81388173642488,-0.10915799448692769,Spanish,90
563bb259be9cac0005aab7ab,vowels,spanish,52.149947885543526,495.6199996650583,-0.10522163738506646,Spanish,90
5a08c9a7f2e3460001edb063,stops,english,-0.43698312497716646,0.6278957755411477,0.6959485029192234,English,65
5a08c9a7f2e3460001edb063,stops,hungarian,-0.8046823786682702,0.8466578229921088,0.9504221857001257,English,65
5a08c9a7f2e3460001edb063,stops,spanish,-0.3172131280253531,0.8960693371111275,0.35400511421139436,English,65
5a08c9a7f2e3460001edb063,vowels,english,7.546601339562592,54.642426207505366,-0.1381088261144238,English,65
5a08c9a7f2e3460001edb063,vowels,hungarian,7.499370797142044,50.79755590677866,-0.1476325122985158,English,65
5a08c9a7f2e3460001edb063,vowels,spanish,77.88588022580083,502.01737213207,-0.1551457868778906,English,65
5a56481276d1c60001aaeb61,stops,english,-0.3423246023610218,1.0182399084712312,0.3361924822559571,Spanish,82.5
5a56481276d1c60001aaeb61,stops,spanish,-0.015064504638728769,1.0720586037155504,0.014051941364509433,Spanish,82.5
5a56481276d1c60001aaeb61,vowels,english,10.156535716200088,54.576487908670465,-0.1860972756839221,Spanish,82.5
5a56481276d1c60001aaeb61,vowels,spanish,3.450242092412763,29.021194742662644,-0.11888697632908718,Spanish,82.5
5ad9fe1b80491c000142e065,stops,english,0.030402963691643088,2.3009083618487716,-0.013213461342378023,Spanish,93.75
5ad9fe1b80491c000142e065,stops,hungarian,0.4259847535123422,2.3719568180567436,-0.17959212000382693,Spanish,93.75
5ad9fe1b80491c000142e065,stops,spanish,-0.21269624362448328,2.2310171950540987,0.0953359947632881,Spanish,93.75
5ad9fe1b80491c000142e065,vowels,english,75.39104718446522,503.8401032677492,-0.14963288292357532,Spanish,93.75
5ad9fe1b80491c000142e065,vowels,hungarian,7.980749983901569,50.78670426996069,-0.1571425060677155,Spanish,93.75
5ad9fe1b80491c000142e065,vowels,spanish,6.706521361137161,40.203938579871284,-0.1668125461840916,Spanish,93.75
5b2a091e7297750001c7653e,stops,english,-0.1312781114889367,2.6585576079179165,0.049379449630113086,English,62.5
5b2a091e7297750001c7653e,stops,hungarian,-0.2448103846513721,2.4505418629567126,0.09990051112858565,English,62.5
5b2a091e7297750001c7653e,stops,spanish,-0.1384930871536711,0.964179437480421,0.14363829155657903,English,62.5
5b2a091e7297750001c7653e,vowels,english,5.525033196167432,33.094549178792356,-0.16694692429011793,English,62.5
5b2a091e7297750001c7653e,vowels,hungarian,4.215889974389969,23.723805184192138,-0.17770715707946969,English,62.5
5b2a091e7297750001c7653e,vowels,spanish,4.26360640621149,25.45041039883435,-0.16752603747430203,English,62.5
5b67bffa9ed653000189ff3c,stops,english,-4.695406146927864,0.5702241221100885,8.234316937615207,English,69.16666666666667
5b67bffa9ed653000189ff3c,stops,french,-26.536499978712875,-4.990462790586702e-15,-5317442708673743,English,69.16666666666667
5b67bffa9ed653000189ff3c,stops,spanish,-3.762161211982946,-0.24211596303791363,-15.538674793589792,English,69.16666666666667
5b67bffa9ed653000189ff3c,vowels,english,6.706521360971778,40.20393857902988,-0.16681254618346913,English,69.16666666666667
5b67bffa9ed653000189ff3c,vowels,french,2.91267757635446,13.9405493538434,-0.20893563821797576,English,69.16666666666667
5b67bffa9ed653000189ff3c,vowels,spanish,75.39104718446522,503.8401032677492,-0.14963288292357532,English,69.16666666666667
5b77869d338a9300015468cf,stops,english,0.15100069652792641,2.0163913963234874,-0.074886600291614,Spanish,97.5
5b77869d338a9300015468cf,stops,french,1.1192735584960847,3.2414669075895013,-0.34529846838030076,Spanish,97.5
5b77869d338a9300015468cf,stops,spanish,1.1059777996389462,3.923998413287621,-0.2818497061298073,Spanish,97.5
5b77869d338a9300015468cf,vowels,english,2.8578816823734803,40.361850040253884,-0.07080650860957174,Spanish,97.5
5b77869d338a9300015468cf,vowels,french,3.474347580636888,27.02009873949195,-0.12858382251427017,Spanish,97.5
5b77869d338a9300015468cf,vowels,spanish,51.39191437872102,496.12665594385,-0.10358627935632911,Spanish,97.5
5c4b8e6f3b58fc00012769f0,stops,english,-0.023306907451509137,1.2482733799565193,0.018671316576758995,Spanish,80
5c4b8e6f3b58fc00012769f0,stops,spanish,0.6140080158080916,2.640805201019872,-0.23250787887382351,Spanish,80
5c4b8e6f3b58fc00012769f0,vowels,english,0.6635732703156549,29.101010676663694,-0.022802413211297126,Spanish,80
5c4b8e6f3b58fc00012769f0,vowels,spanish,2.463960195570151,30.635625264992164,-0.08042793885410783,Spanish,80
5c72dea09048710001bce0d4,stops,english,0.4904444021763956,2.0196326677271865,-0.24283841810120949,Spanish,62.5
5c72dea09048710001bce0d4,stops,french,-0.3521455178754646,1.3894377214774865,0.25344462182947186,Spanish,62.5
5c72dea09048710001bce0d4,stops,spanish,0.13276523839446108,1.4467653452963662,-0.09176694674509532,Spanish,62.5
5c72dea09048710001bce0d4,vowels,english,30.138575017115468,509.5867365859966,-0.05914317004997118,Spanish,62.5
5c72dea09048710001bce0d4,vowels,french,8.426913227755175,65.63324398624412,-0.1283939771363632,Spanish,62.5
5c72dea09048710001bce0d4,vowels,spanish,52.149947885543526,495.6199996650583,-0.10522163738506646,Spanish,62.5
5c8be0dd542fbd0016924f5f,stops,english,-2.7347801894714627,0.6854759532685137,3.989607770238146,English,60.833333333333336
5c8be0dd542fbd0016924f5f,stops,hungarian,-1.0352292757152342,0.8967836704600989,1.1543801585772688,English,60.833333333333336
5c8be0dd542fbd0016924f5f,stops,spanish,-0.416648394700575,1.050315576971987,0.39668877034248484,English,60.833333333333336
5c8be0dd542fbd0016924f5f,vowels,english,5.546741422444102,50.81388173642526,-0.10915799448692765,English,60.833333333333336
5c8be0dd542fbd0016924f5f,vowels,hungarian,5.008521410867494,37.5970031532202,-0.13321597443434827,English,60.833333333333336
5c8be0dd542fbd0016924f5f,vowels,spanish,6.485456594815947,54.64663524282905,-0.11867988881652132,English,60.833333333333336
5cf5fe247ce340001ac0bdd8,stops,english,-0.5673804126427372,1.0970533661931332,0.5171857907073333,Spanish,90
5cf5fe247ce340001ac0bdd8,stops,hungarian,0.46814099347650884,1.0916475280955376,-0.4288389626028985,Spanish,90
5cf5fe247ce340001ac0bdd8,stops,spanish,-0.5725306422949944,1.3298989204670106,0.430506885511226,Spanish,90
5cf5fe247ce340001ac0bdd8,vowels,english,2.6201609045533862,18.7659458529097,-0.13962317301193347,Spanish,90
5cf5fe247ce340001ac0bdd8,vowels,hungarian,7.842429059232296,44.456694851447544,-0.17640603030517327,Spanish,90
5cf5fe247ce340001ac0bdd8,vowels,spanish,2.4760198781410585,15.235002154741368,-0.1625217937609863,Spanish,90
5cf83992bab656000198a9c6,stops,english,-0.4516150578813749,1.4598544042867614,0.30935623207029317,English,63.33333333333333
5cf83992bab656000198a9c6,stops,hungarian,-1.6770411897747375,3.470226270309745,0.4832656602605479,English,63.33333333333333
5cf83992bab656000198a9c6,stops,spanish,-1.8149931304434044,0.09949980406803542,18.24117290926883,English,63.33333333333333
5cf83992bab656000198a9c6,vowels,english,164.32606998271555,931.9893551341515,-0.1763175395485738,English,63.33333333333333
5cf83992bab656000198a9c6,vowels,hungarian,101.23840974709002,498.3507401382366,-0.20314690356235388,English,63.33333333333333
5cf83992bab656000198a9c6,vowels,spanish,121.54255823051953,494.9903887789653,-0.24554528933448352,English,63.33333333333333
5d159d0a8078020016aa60b9,stops,english,-0.46596484490226714,0.5052850345081367,0.9221821607201462,Spanish,92.5
5d159d0a8078020016aa60b9,stops,french,-0.0061620171599848644,0.8559796928702247,0.007198788956456108,Spanish,92.5
5d159d0a8078020016aa60b9,stops,spanish,0.19054001284387292,1.0969260678837172,-0.17370360539564794,Spanish,92.5
5d159d0a8078020016aa60b9,vowels,english,3.008000773003426,33.414110460489425,-0.09002187194419681,Spanish,92.5
5d159d0a8078020016aa60b9,vowels,french,2.5466307538410677,25.53716464534945,-0.09972253338253166,Spanish,92.5
5d159d0a8078020016aa60b9,vowels,spanish,3.848840691187222,38.63743379093409,-0.09961429405516876,Spanish,92.5
5d3894798bb75200164c557e,stops,english,-0.6581536253250457,0.9699526229945618,0.6785420336233637,English,79.16666666666666
5d3894798bb75200164c557e,stops,spanish,-0.04005859489065363,1.5528114151472998,0.025797462911395244,English,79.16666666666666
5d3894798bb75200164c557e,vowels,english,15.255767523654024,68.45648479203275,-0.22285350423703837,English,79.16666666666666
5d3894798bb75200164c557e,vowels,spanish,4.684925848581931,25.01276368774785,-0.18730140767598488,English,79.16666666666666
5d3df88c6a5b1e0001a91d8d,stops,english,-0.9348989474364616,0.5522664155729209,1.6928404861747712,English,71.66666666666667
5d3df88c6a5b1e0001a91d8d,stops,french,-1.0736613344857528,0.19218992808857988,5.586459941807695,English,71.66666666666667
5d3df88c6a5b1e0001a91d8d,stops,spanish,-1.246606890398089,0.02814968966929966,44.28492480887458,English,71.66666666666667
5d3df88c6a5b1e0001a91d8d,vowels,english,77.88588022580083,502.01737213207,-0.1551457868778906,English,71.66666666666667
5d3df88c6a5b1e0001a91d8d,vowels,french,7.6701075037673805,34.03148774025441,-0.2253826680252575,English,71.66666666666667
5d3df88c6a5b1e0001a91d8d,vowels,spanish,5.360483669193585,27.247974326443394,-0.19672962125450136,English,71.66666666666667
5d4cc624ae079c0019f544b6,stops,english,-0.09604330646476125,1.2278595456186587,0.07822010816096209,Spanish,63.75
5d4cc624ae079c0019f544b6,stops,hungarian,0.41572195554853747,0.3948109501820523,-1.0529646033293727,Spanish,63.75
5d4cc624ae079c0019f544b6,stops,spanish,0.4570112025601134,0.2539170585134373,-1.7998444265056273,Spanish,63.75
5d4cc624ae079c0019f544b6,vowels,english,-18.53496759317495,503.84010603724136,0.036787400151517394,Spanish,63.75
5d4cc624ae079c0019f544b6,vowels,hungarian,27.365986278533438,509.5867362963538,-0.053702312735664594,Spanish,63.75
5d4cc624ae079c0019f544b6,vowels,spanish,1.4683228351748692,28.444901997684784,-0.051619894323924206,Spanish,63.75
5d5c7b0c98683400182d00cb,stops,english,-0.4274139654655898,1.0919349793287052,0.39142803697739714,Spanish,90
5d5c7b0c98683400182d00cb,stops,french,-0.6678445470078059,0.6389445358663463,1.0452308604568847,Spanish,90
5d5c7b0c98683400182d00cb,stops,spanish,-0.7159608815251695,0.6068336111212334,1.1798306296882666,Spanish,90
5d5c7b0c98683400182d00cb,vowels,english,2.620344333477704,29.101010721993926,-0.09004306958649046,Spanish,90
5d5c7b0c98683400182d00cb,vowels,french,5.063702570820911,50.8150638742265,-0.09964963506400767,Spanish,90
5d5c7b0c98683400182d00cb,vowels,spanish,5.546741422444063,50.81388173642488,-0.10915799448692769,Spanish,90
5d7c7425c0d7db00187b1199,stops,english,-0.6757470927520371,1.6144754372372478,0.4185552019970037,Spanish,97.5
5d7c7425c0d7db00187b1199,stops,hungarian,0.4015813218202449,4.312258158241091,-0.09312552891871488,Spanish,97.5
5d7c7425c0d7db00187b1199,stops,spanish,0.16710618320383483,3.2144016405562774,-0.05198671537976063,Spanish,97.5
5d7c7425c0d7db00187b1199,vowels,english,2.846932968636957,14.516264868814561,-0.19612021373025867,Spanish,97.5
5d7c7425c0d7db00187b1199,vowels,hungarian,3.536354959800974,32.37529169787847,-0.10923005706949998,Spanish,97.5
5d7c7425c0d7db00187b1199,vowels,spanish,28.500993960829433,497.94689443984794,-0.05723701518992475,Spanish,97.5
5d97bf1cfaa2860015b165a6,stops,english,0.3266170609276162,0.5792062227767816,-0.5639046130439972,Spanish,76.25
5d97bf1cfaa2860015b165a6,stops,hungarian,-0.05332123797520984,0.6452509169883661,0.08263643889741457,Spanish,76.25
5d97bf1cfaa2860015b165a6,stops,spanish,0.18873949265983417,1.0697604677143369,-0.17643154552448292,Spanish,76.25
5d97bf1cfaa2860015b165a6,vowels,english,0.2591695408781883,9.290759718485557,-0.027895408850422222,Spanish,76.25
5d97bf1cfaa2860015b165a6,vowels,hungarian,6.485456594815365,54.64663524282396,-0.11867988881652172,Spanish,76.25
5d97bf1cfaa2860015b165a6,vowels,spanish,6.485456594815947,54.64663524282905,-0.11867988881652132,Spanish,76.25
5dab79a5525a7600139cd31e,stops,english,-1.8675291801923268,0.6496206106122532,2.8747997672552623,English,82.5
5dab79a5525a7600139cd31e,stops,french,-0.18056124629593134,0.2770398599473844,0.6517518682337757,English,82.5
5dab79a5525a7600139cd31e,stops,spanish,-1.2026275319606954,0.19709964836826302,6.101621905046191,English,82.5
5dab79a5525a7600139cd31e,vowels,english,5.0580431739684535,32.14908789019446,-0.15733084531804611,English,82.5
5dab79a5525a7600139cd31e,vowels,french,75.19939077161192,490.8242258912535,-0.15321043013934893,English,82.5
5dab79a5525a7600139cd31e,vowels,spanish,5.525033196128092,33.094549178565174,-0.16694692429007524,English,82.5
5dc483cf74939e34e55c3619,stops,english,-0.1931752716069232,1.4008597533241316,0.13789765260122097,English,75
5dc483cf74939e34e55c3619,stops,french,0.31706684282767256,2.695485556059902,-0.11762884134728652,English,75
5dc483cf74939e34e55c3619,stops,spanish,0.2673489957045625,1.1674970789481716,-0.22899328874160796,English,75
5dc483cf74939e34e55c3619,vowels,english,1.6959617184417048,15.236124025214888,-0.11131188717255044,English,75
5dc483cf74939e34e55c3619,vowels,french,3.0889684414980176,25.961248214674352,-0.1189838183416777,English,75
5dc483cf74939e34e55c3619,vowels,spanish,4.5827361578315085,35.685479832323125,-0.12842019161195548,English,75
5dd733664524e76dc4537fe2,stops,english,-0.7092502373958286,0.9312110388509983,0.7616428583911092,English,70.83333333333334
5dd733664524e76dc4537fe2,stops,hungarian,-0.25454774583096346,2.514563478908509,0.10122939745448559,English,70.83333333333334
5dd733664524e76dc4537fe2,stops,spanish,-0.24322952505278234,1.226971396580381,0.19823569296780094,English,70.83333333333334
5dd733664524e76dc4537fe2,vowels,english,6.485456594815947,54.64663524282905,-0.11867988881652132,English,70.83333333333334
5dd733664524e76dc4537fe2,vowels,hungarian,52.149947885543526,495.6199996650583,-0.10522163738506646,English,70.83333333333334
5dd733664524e76dc4537fe2,vowels,spanish,2.6256267053855793,50.8166515223787,-0.051668628820009964,English,70.83333333333334
5df216021d6b46119b5b5db9,stops,english,-0.6732162398709182,1.0101819239127068,0.666430693259062,English,67.5
5df216021d6b46119b5b5db9,stops,spanish,-0.4650576295672746,1.229328987055015,0.3783020122883203,English,67.5
5df216021d6b46119b5b5db9,vowels,english,77.88588022580083,502.01737213207,-0.1551457868778906,English,67.5
5df216021d6b46119b5b5db9,vowels,spanish,5.691282408475876,38.55369844071071,-0.14761962246574448,English,67.5
5e111e34e69d0a80632daba6,stops,english,0.6526970559622454,2.2092955668575205,-0.2954322028041884,Spanish,95
5e111e34e69d0a80632daba6,stops,hungarian,0.45104203892106504,2.5531442235250914,-0.17666140234660047,Spanish,95
5e111e34e69d0a80632daba6,stops,spanish,0.4762554668359844,1.9465681061384106,-0.24466416835564875,Spanish,95
5e111e34e69d0a80632daba6,vowels,english,3.099972176531069,28.367400151052955,-0.1092793897228542,Spanish,95
5e111e34e69d0a80632daba6,vowels,hungarian,2.889779293079559,22.409759280700666,-0.12895182214510637,Spanish,95
5e111e34e69d0a80632daba6,vowels,spanish,75.19939077161192,490.8242258912535,-0.15321043013934893,Spanish,95
5e3f7b673ba9991dc9cabcfa,stops,english,-0.2141970676174577,0.613409524273937,0.34919097135146754,Spanish,70
5e3f7b673ba9991dc9cabcfa,stops,hungarian,-0.27708084033814373,0.6685217875376087,0.4144679283508858,Spanish,70
5e3f7b673ba9991dc9cabcfa,stops,spanish,0.11173081681466408,0.6672431243858651,-0.16745143221595854,Spanish,70
5e3f7b673ba9991dc9cabcfa,vowels,english,1.2236395438796939,29.12302424607281,-0.04201622515370119,Spanish,70
5e3f7b673ba9991dc9cabcfa,vowels,hungarian,1.9954253484070656,38.649386267820454,-0.05162890128655058,Spanish,70
5e3f7b673ba9991dc9cabcfa,vowels,spanish,27.690063194406218,497.94688468833755,-0.05560846758131099,Spanish,70
5e5e06a0394d0811996bd24a,stops,english,0.4831432645638003,0.5197404762118469,-0.9295856041176798,Spanish,81.25
5e5e06a0394d0811996bd24a,stops,french,0.5292622507940554,0.4610680579922371,-1.1479048301432464,Spanish,81.25
5e5e06a0394d0811996bd24a,stops,spanish,0.6654408837473526,0.5922019409597883,-1.1236722437431816,Spanish,81.25
5e5e06a0394d0811996bd24a,vowels,english,4.9253413575785,54.64859821391578,-0.09012749674381045,Spanish,81.25
5e5e06a0394d0811996bd24a,vowels,french,3.4502420879775757,29.021194706769705,-0.11888697632329884,Spanish,81.25
5e5e06a0394d0811996bd24a,vowels,spanish,2.348626412315149,26.071857832305156,-0.0900828175506929,Spanish,81.25
5e67032bc302df492496fbaa,stops,english,1.2536423567353163,6.442024174342081,-0.1946037957647605,English,90
5e67032bc302df492496fbaa,stops,hungarian,0.06540358689617927,6.325044000699577,-0.010340416112353581,English,90
5e67032bc302df492496fbaa,stops,spanish,0.701957690802308,3.083115029826445,-0.22767807364028925,English,90
5e67032bc302df492496fbaa,vowels,english,5.691282408768467,38.55369844265386,-0.14761962246589344,English,90
5e67032bc302df492496fbaa,vowels,hungarian,2.5111968982189214,19.385390962415904,-0.12954068881497366,English,90
5e67032bc302df492496fbaa,vowels,spanish,1.941147887946262,16.05378518276466,-0.12091527735342304,English,90
5e88a67c651ae60009602e69,stops,english,1.3757894818261889,3.39346630258186,-0.4054230568841787,Spanish,95
5e88a67c651ae60009602e69,stops,hungarian,3.7942145990703358,5.24531648746924,-0.7233528440341963,Spanish,95
5e88a67c651ae60009602e69,stops,spanish,0.4571215022880671,1.8468338855389537,-0.24751630661935103,Spanish,95
5e88a67c651ae60009602e69,vowels,english,7.980749983901569,50.78670426996069,-0.1571425060677155,Spanish,95
5e88a67c651ae60009602e69,vowels,hungarian,4.215890030949798,23.723805479207694,-0.17770715725370198,Spanish,95
5e88a67c651ae60009602e69,vowels,spanish,98.55275294452787,498.7846076266249,-0.1975857944243169,Spanish,95
5e8e520df84fbf114143b0a2,stops,english,0.11148944682367032,0.6489367047850001,-0.17180326833355497,Spanish,72.5
5e8e520df84fbf114143b0a2,stops,hungarian,3.0080267546988084,2.790061303234468,-1.0781221011924207,Spanish,72.5
5e8e520df84fbf114143b0a2,stops,spanish,1.4092132367926562,1.4185128702664511,-0.9934440965121113,Spanish,72.5
5e8e520df84fbf114143b0a2,vowels,english,76.30552401921352,949.1609976563673,-0.08039260379179534,Spanish,72.5
5e8e520df84fbf114143b0a2,vowels,hungarian,2.1286581045104445,65.63381142637829,-0.0324323402564876,Spanish,72.5
5e8e520df84fbf114143b0a2,vowels,spanish,2.303269523671779,54.64894478958067,-0.04214664221862375,Spanish,72.5
5e9133f704391d46ee2bcb31,stops,english,1.6973030848428659,4.156813104515258,-0.4083183540292449,Spanish,92.5
5e9133f704391d46ee2bcb31,stops,french,0.21450902348388398,1.422979838092371,-0.15074635475612366,Spanish,92.5
5e9133f704391d46ee2bcb31,stops,spanish,1.287196108411686,2.7805594380124856,-0.46292702497730465,Spanish,92.5
5e9133f704391d46ee2bcb31,vowels,english,2.463960195737577,30.635625266925153,-0.08042793885449823,Spanish,92.5
5e9133f704391d46ee2bcb31,vowels,french,6.055034503028298,38.513072679874604,-0.15722023930311896,Spanish,92.5
5e9133f704391d46ee2bcb31,vowels,spanish,164.32606998271555,931.9893551341515,-0.1763175395485738,Spanish,92.5
5e9546ebbc08e21354f19f4d,stops,english,0.20884762160704254,0.28003492651934164,-0.7457913346841674,Spanish,95
5e9546ebbc08e21354f19f4d,stops,french,0.3065002435601884,0.23781153688999893,-1.288836729994146,Spanish,95
5e9546ebbc08e21354f19f4d,stops,spanish,0.9325021878115377,0.009536637651835416,-97.78102323433342,Spanish,95
5e9546ebbc08e21354f19f4d,vowels,english,75.39104718446522,503.8401032677492,-0.14963288292357532,Spanish,95
5e9546ebbc08e21354f19f4d,vowels,french,77.2268835261038,501.2298883325372,-0.15407477750981244,Spanish,95
5e9546ebbc08e21354f19f4d,vowels,spanish,75.39104718446522,503.8401032677492,-0.14963288292357532,Spanish,95
5ea01b4b2d7b4d0243d93f78,stops,english,-0.6288724075478213,10.405689747970982,0.060435437032941124,English,89.16666666666666
5ea01b4b2d7b4d0243d93f78,stops,french,8.672368432035308,96.34407733123976,-0.09001454653220572,English,89.16666666666666
5ea01b4b2d7b4d0243d93f78,stops,spanish,-11.770960903248456,97.10118838021695,0.12122365441252035,English,89.16666666666666
5ea01b4b2d7b4d0243d93f78,vowels,english,1.1713834598782262,8.790420266717543,-0.1332568209865165,English,89.16666666666666
5ea01b4b2d7b4d0243d93f78,vowels,french,8.426913227755175,65.63324398624412,-0.1283939771363632,English,89.16666666666666
5ea01b4b2d7b4d0243d93f78,vowels,spanish,2.463960176671701,30.63562504158947,-0.0804279388237304,English,89.16666666666666
5eb0cb5afb9e2418da928edb,stops,english,1.0276595849295411,1.725645142694853,-0.5955219642230134,Spanish,87.5
5eb0cb5afb9e2418da928edb,stops,french,0.8220132687437046,1.9887605437826754,-0.4133294334069066,Spanish,87.5
5eb0cb5afb9e2418da928edb,stops,spanish,7.790344266151843,9.768779781627442,-0.7974736292861748,Spanish,87.5
5eb0cb5afb9e2418da928edb,vowels,english,3.778530205650382,495.61999374312603,-0.007623845392340547,Spanish,87.5
5eb0cb5afb9e2418da928edb,vowels,french,0.5112191786105681,38.63743379110707,-0.013231188732007147,Spanish,87.5
5eb0cb5afb9e2418da928edb,vowels,spanish,2.1286581045104445,65.63381142637829,-0.0324323402564876,Spanish,87.5
5eb3a51f58efe718f5cffdb4,stops,english,0.38640536557630223,2.08806885065076,-0.18505393893303687,Spanish,87.5
5eb3a51f58efe718f5cffdb4,stops,spanish,1.119273558234686,3.241466907030005,-0.3452984683592592,Spanish,87.5
5eb3a51f58efe718f5cffdb4,vowels,english,5.194532295464392,56.890467166964235,-0.09130760484387108,Spanish,87.5
5eb3a51f58efe718f5cffdb4,vowels,spanish,1.231986533860789,15.151485002733068,-0.08131127302957827,Spanish,87.5
5eb471789686d82c24661cb3,stops,english,1.5169832365001739,2.3895991870628155,-0.6348274826644795,Spanish,88.75
5eb471789686d82c24661cb3,stops,french,1.1524265024053924,2.4870909183993413,-0.4633632385047985,Spanish,88.75
5eb471789686d82c24661cb3,stops,spanish,1.810242352157925,2.8467959276486927,-0.6358876428677106,Spanish,88.75
5eb471789686d82c24661cb3,vowels,english,0.9210914474975033,40.35755375748415,-0.022823272516280562,Spanish,88.75
5eb471789686d82c24661cb3,vowels,french,2.1286581045104445,65.63381142637829,-0.0324323402564876,Spanish,88.75
5eb471789686d82c24661cb3,vowels,spanish,30.80300687017414,949.1609955302007,-0.03245287892700184,Spanish,88.75
5ec28db2622c500632dc95bc,stops,english,-1.162711118757124,0.6369136715208001,1.8255395836940398,Spanish,60.833333333333336
5ec28db2622c500632dc95bc,stops,hungarian,-0.4807551958436517,0.8088848212197677,0.5943432034225726,Spanish,60.833333333333336
5ec28db2622c500632dc95bc,stops,spanish,-0.45712590779569573,0.9534348650040088,0.4794516380453254,Spanish,60.833333333333336
5ec28db2622c500632dc95bc,vowels,english,1.4351779705933576,23.435430111715988,-0.061239668474267706,Spanish,60.833333333333336
5ec28db2622c500632dc95bc,vowels,hungarian,2.4721383543853435,17.64328514671254,-0.14011780310913216,Spanish,60.833333333333336
5ec28db2622c500632dc95bc,vowels,spanish,0.9817298474416439,19.039350566078173,-0.05156320033261859,Spanish,60.833333333333336
5ec5a55832a7515e8324a8a8,stops,english,-0.6073293356275764,0.823721538544343,0.7372993265428404,English,72.5
5ec5a55832a7515e8324a8a8,stops,hungarian,-0.012266971179091745,1.0072475196554151,0.012178705769648699,English,72.5
5ec5a55832a7515e8324a8a8,stops,spanish,-0.1334912002349049,0.9169666170764813,0.14557912769006598,English,72.5
5ec5a55832a7515e8324a8a8,vowels,english,2.149000851197041,17.88827426449826,-0.12013460993618756,English,72.5
5ec5a55832a7515e8324a8a8,vowels,hungarian,2.6256267053855784,50.816651522378706,-0.05166862882000994,English,72.5
5ec5a55832a7515e8324a8a8,vowels,spanish,4.9253413575785,54.64859821391578,-0.09012749674381045,English,72.5
5ec5a561c1172f5f55cfb425,stops,english,-0.839948894086242,0.4466238051252044,1.8806630646361868,Spanish,88.75
5ec5a561c1172f5f55cfb425,stops,french,0.4897186417748593,0.882128292047432,-0.5551558046485682,Spanish,88.75
5ec5a561c1172f5f55cfb425,stops,spanish,0.3004083375257406,0.8737485038441789,-0.3438155672988875,Spanish,88.75
5ec5a561c1172f5f55cfb425,vowels,english,4.172759030927648,-8.074085546798953,0.5168088703967197,Spanish,88.75
5ec5a561c1172f5f55cfb425,vowels,french,1.4683228351763529,28.44490199771421,-0.051619894323922964,Spanish,88.75
5ec5a561c1172f5f55cfb425,vowels,spanish,51.39191437872102,496.12665594385,-0.10358627935632911,Spanish,88.75
5ed39d114858d002a0691781,stops,english,-7.659613215161577,4.7507646861106,1.6122905934607383,English,88.33333333333334
5ed39d114858d002a0691781,stops,french,-1.3393181047865477,1.4031280532434927,0.9545230755600382,English,88.33333333333334
5ed39d114858d002a0691781,stops,spanish,-2.6613120327586084,1.382908466791873,1.9244310788930432,English,88.33333333333334
5ed39d114858d002a0691781,vowels,english,207.4570421362775,925.0326926923104,-0.22426995691630439,English,88.33333333333334
5ed39d114858d002a0691781,vowels,french,207.4570421362775,925.0326926923104,-0.22426995691630439,English,88.33333333333334
5ed39d114858d002a0691781,vowels,spanish,101.23840974709002,498.3507401382366,-0.20314690356235388,English,88.33333333333334
5ee579ecd4169f2bee94041e,stops,english,0.7702831578167172,1.5731090289423482,-0.4896565613984196,Spanish,95
5ee579ecd4169f2bee94041e,stops,hungarian,0.6116854802265469,0.8605371750075375,-0.7108181935558904,Spanish,95
5ee579ecd4169f2bee94041e,stops,spanish,0.47494565690592705,1.4746119816350394,-0.3220817834257054,Spanish,95
5ee579ecd4169f2bee94041e,vowels,english,5.083883112521182,8.074085546798937,-0.6296543531839027,Spanish,95
5ee579ecd4169f2bee94041e,vowels,hungarian,2.242384600412968,-1.3867873920405254,1.6169635037664376,Spanish,95
5ee579ecd4169f2bee94041e,vowels,spanish,3.2058836196187044,-3.410553936195106,0.9399891277471669,Spanish,95
5ee67e08ae1ebf0b622da12f,stops,english,-0.7811558606143624,0.9458981592389825,0.8258350573838069,Spanish,87.5
5ee67e08ae1ebf0b622da12f,stops,spanish,-0.46396406153557623,0.9785753023225523,0.47412198165476194,Spanish,87.5
5ee67e08ae1ebf0b622da12f,vowels,english,6.63796355967165,63.57986318677639,-0.10440355211478722,Spanish,87.5
5ee67e08ae1ebf0b622da12f,vowels,spanish,51.39191437872102,496.12665594385,-0.10358627935632911,Spanish,87.5
5ef34cc943115906d6aa397f,stops,english,-3.9153519528319904,0.9277370586211426,4.220325054871923,English,50
5ef34cc943115906d6aa397f,stops,french,-26.536499978712875,-4.990462790586702e-15,-5317442708673743,English,50
5ef34cc943115906d6aa397f,stops,spanish,-4.4360746821509025,0.061435124905057245,72.20746582686172,English,50
5ef34cc943115906d6aa397f,vowels,english,5.7239628482570755,44.580004420713415,-0.12839753882118335,English,50
5ef34cc943115906d6aa397f,vowels,french,2.143692229392187,23.781124737885477,-0.09014259220368548,English,50
5ef34cc943115906d6aa397f,vowels,spanish,3.1088028692852316,50.816651522378685,-0.06117685396717204,English,50
5f00962ef7b0241ae371d912,stops,english,-0.5468574586060955,0.37542447309002186,1.456637746881691,Spanish,71.25
5f00962ef7b0241ae371d912,stops,hungarian,-0.239343932128786,0.7960188206359152,0.3006762226269743,Spanish,71.25
5f00962ef7b0241ae371d912,stops,spanish,-0.08183803488489816,0.2522263395180393,0.3244626831649558,Spanish,71.25
5f00962ef7b0241ae371d912,vowels,english,1.096353752007407,26.103430692865885,-0.04200037017766567,Spanish,71.25
5f00962ef7b0241ae371d912,vowels,hungarian,0.6715490909875538,10.867717151982042,-0.06179302254522491,Spanish,71.25
5f00962ef7b0241ae371d912,vowels,spanish,1.68819937962017,23.821457332128308,-0.07086885391110281,Spanish,71.25
5f10dbe567c6dd412e0738cf,stops,english,0.5575044877042984,1.830197269028611,-0.30461442443316367,Spanish,77.5
5f10dbe567c6dd412e0738cf,stops,french,1.2698604604094474,3.136349762249884,-0.40488483640883965,Spanish,77.5
5f10dbe567c6dd412e0738cf,stops,spanish,1.389475161788241,2.669623074522284,-0.5204761582445045,Spanish,77.5
5f10dbe567c6dd412e0738cf,vowels,english,1.5678607119276546,25.605537592701335,-0.061231313978526325,Spanish,77.5
5f10dbe567c6dd412e0738cf,vowels,french,3.586276569522876,44.59793389101504,-0.08041351373556317,Spanish,77.5
5f10dbe567c6dd412e0738cf,vowels,spanish,1.5905712676362564,19.714858065006627,-0.08067880896690198,Spanish,77.5
5f174566f589920a8ba7e2df,stops,english,-0.9481742847264779,0.16257491361943022,5.832229977043373,English,53.33333333333333
5f174566f589920a8ba7e2df,stops,hungarian,-0.30851976548665616,0.0058327495173733715,52.89439647077286,English,53.33333333333333
5f174566f589920a8ba7e2df,stops,spanish,-1.001185367277456,-0.21682879091621488,-4.617400498554297,English,53.33333333333333
5f174566f589920a8ba7e2df,vowels,english,74.48470064731843,491.4557874545574,-0.1515593112314415,English,53.33333333333333
5f174566f589920a8ba7e2df,vowels,hungarian,2.620955551611309,11.285528613345429,-0.23224038867899918,English,53.33333333333333
5f174566f589920a8ba7e2df,vowels,spanish,5.275499189292715,28.25402214525813,-0.18671674999653462,English,53.33333333333333
5f19dc86afa07c0894f60578,stops,english,-0.03427831793077373,0.2693754492095758,0.12725108405890762,Spanish,73.25
5f19dc86afa07c0894f60578,stops,hungarian,0.2512426393475532,1.8699833033794306,-0.1343555522092138,Spanish,73.25
5f19dc86afa07c0894f60578,stops,spanish,0.505034081056781,2.954182747334331,-0.17095559897656706,Spanish,73.25
5f19dc86afa07c0894f60578,vowels,english,-0.5055683279058748,8.178061062267407,0.06182007251553873,Spanish,73.25
5f19dc86afa07c0894f60578,vowels,hungarian,27.365986278533438,509.5867362963538,-0.053702312735664594,Spanish,73.25
5f19dc86afa07c0894f60578,vowels,spanish,0.1873755943935718,50.81388173642487,-0.003687488300254289,Spanish,73.25
5f2bffa8d4f0d601244ab240,stops,english,-0.3571737236124804,1.0855719624579958,0.3290189282373812,English,80.83333333333334
5f2bffa8d4f0d601244ab240,stops,french,-0.9638537890510142,1.0424238394551621,0.9246275387895831,English,80.83333333333334
5f2bffa8d4f0d601244ab240,stops,spanish,-0.7471960516776819,1.0254344095915497,0.7286629400073521,English,80.83333333333334
5f2bffa8d4f0d601244ab240,vowels,english,75.19939077161192,490.8242258912535,-0.15321043013934893,English,80.83333333333334
5f2bffa8d4f0d601244ab240,vowels,french,5.525033196160526,33.09454917875206,-0.16694692429011251,English,80.83333333333334
5f2bffa8d4f0d601244ab240,vowels,spanish,75.19939077161192,490.8242258912535,-0.15321043013934893,English,80.83333333333334
5f2dfe7552744f15bee0423c,stops,english,1.7633718918718495,1.8871496925456817,-0.9344101842250461,Spanish,67.5
5f2dfe7552744f15bee0423c,stops,hungarian,1.3450327657088017,1.9182786796869238,-0.701166509304227,Spanish,67.5
5f2dfe7552744f15bee0423c,stops,spanish,1.952398605031215,1.978092201578145,-0.9870109206606086,Spanish,67.5
5f2dfe7552744f15bee0423c,vowels,english,3.145542289082949,24.433172627906355,-0.12874064031661067,Spanish,67.5
5f2dfe7552744f15bee0423c,vowels,hungarian,0.8370898677314307,9.944745168330204,-0.08417408928659197,Spanish,67.5
5f2dfe7552744f15bee0423c,vowels,spanish,74.48470064731843,491.4557874545574,-0.1515593112314415,Spanish,67.5
5f2f0ce447c28c13b4644609,stops,english,0.4237610114507995,0.8665012913383692,-0.4890483322838126,Spanish,60
5f2f0ce447c28c13b4644609,stops,french,0.489444251114303,1.5399239654349826,-0.31783663486011765,Spanish,60
5f2f0ce447c28c13b4644609,stops,spanish,-0.18563061900442335,0.8381508380532843,0.22147638656017443,Spanish,60
5f2f0ce447c28c13b4644609,vowels,english,2.89229324428808,506.8250328217384,-0.005706689798223451,Spanish,60
5f2f0ce447c28c13b4644609,vowels,french,1.435177970593507,23.43543011171859,-0.06123966847426728,Spanish,60
5f2f0ce447c28c13b4644609,vowels,spanish,2.816432230865816,23.642981644505376,-0.11912339455376408,Spanish,60
5f3020ed291f7344af6d82e1,stops,english,0.5701230910227086,1.5086204652890576,-0.37791021939601677,Spanish,77.5
5f3020ed291f7344af6d82e1,stops,hungarian,2.7183638656942164,5.600917855199987,-0.4853425699094018,Spanish,77.5
5f3020ed291f7344af6d82e1,stops,spanish,1.1474905175510868,2.8346084289925235,-0.40481447307306845,Spanish,77.5
5f3020ed291f7344af6d82e1,vowels,english,119.65755713729861,483.45071808856596,-0.24750724874376523,Spanish,77.5
5f3020ed291f7344af6d82e1,vowels,hungarian,14.684829578111817,65.44740204846171,-0.22437605036236838,Spanish,77.5
5f3020ed291f7344af6d82e1,vowels,spanish,5.275499189292691,28.254022145258002,-0.18671674999653462,Spanish,77.5
5f3050933b5a04118e4a4f73,stops,english,1.9964177443288333,2.6697287455862977,-0.7477979729698723,Spanish,67.5
5f3050933b5a04118e4a4f73,stops,hungarian,2.0333693046362113,3.181150236084362,-0.6391931074399869,Spanish,67.5
5f3050933b5a04118e4a4f73,stops,spanish,1.5469513446659362,2.2323786426938677,-0.6929610036042949,Spanish,67.5
5f3050933b5a04118e4a4f73,vowels,english,3.1088028692852316,50.816651522378685,-0.06117685396717204,Spanish,67.5
5f3050933b5a04118e4a4f73,vowels,hungarian,1.9954253484066389,38.64938626781219,-0.05162890128655057,Spanish,67.5
5f3050933b5a04118e4a4f73,vowels,spanish,0.30437882595560933,23.34981240749519,-0.013035600485505614,Spanish,67.5
5f3344917a7a0b159bd0c375,stops,english,0.6106071186015392,0.23463539992751783,-2.6023657077754008,Spanish,88.75
5f3344917a7a0b159bd0c375,stops,hungarian,-0.32326989629886027,0.22838860435562117,1.415437942759616,Spanish,88.75
5f3344917a7a0b159bd0c375,stops,spanish,-0.27419169886542427,0.6498872467033135,0.42190656957236494,Spanish,88.75
5f3344917a7a0b159bd0c375,vowels,english,52.149947885543526,495.6199996650583,-0.10522163738506646,Spanish,88.75
5f3344917a7a0b159bd0c375,vowels,hungarian,1.567860712346621,25.605537599142917,-0.06123131397948471,Spanish,88.75
5f3344917a7a0b159bd0c375,vowels,spanish,6.485456594815947,54.64663524282905,-0.11867988881652132,Spanish,88.75
5f4056738318181904984b01,stops,english,-2.632630755354341,0.25652784350369423,10.262553644849975,Spanish,75
5f4056738318181904984b01,stops,hungarian,-1.0361491692524794,0.9147471448967606,1.1327164834927366,Spanish,75
5f4056738318181904984b01,stops,spanish,-0.6310291614678968,0.8941761581995793,0.7057101172754057,Spanish,75
5f4056738318181904984b01,vowels,english,11.574280120336585,65.62290967237217,-0.17637560080956696,Spanish,75
5f4056738318181904984b01,vowels,hungarian,7.78885384418984,37.91039893139284,-0.20545428335601204,Spanish,75
5f4056738318181904984b01,vowels,spanish,98.55275294452787,498.7846076266249,-0.1975857944243169,Spanish,75
5f464897fd3e1a000a17db32,stops,english,-0.08041977361657826,1.0415746321248252,0.07720980440213,English,70.83333333333334
5f464897fd3e1a000a17db32,stops,hungarian,0.0492731840862134,1.4546162117414134,-0.033873666255393474,English,70.83333333333334
5f464897fd3e1a000a17db32,stops,spanish,-1.1399049019250322,1.489636870544922,0.765223340308464,English,70.83333333333334
5f464897fd3e1a000a17db32,vowels,english,1.8960113157525265,18.913950501625518,-0.10024406670566141,English,70.83333333333334
5f464897fd3e1a000a17db32,vowels,hungarian,1.7926809957273535,17.84698408074338,-0.10044727936198636,English,70.83333333333334
5f464897fd3e1a000a17db32,vowels,spanish,2.511196898219058,19.385390962416835,-0.12954068881497446,English,70.83333333333334
5f4928d947b9fe312e9980ad,stops,english,0.7929959847789992,1.0091157876396095,-0.785832502565311,Spanish,85
5f4928d947b9fe312e9980ad,stops,french,1.480145317061572,2.3302181954145715,-0.6351960172546149,Spanish,85
5f4928d947b9fe312e9980ad,stops,spanish,0.7107449020972373,1.4079657076779524,-0.5048027080641142,Spanish,85
5f4928d947b9fe312e9980ad,vowels,english,0.3043788259555928,23.349812407491008,-0.013035600485507242,Spanish,85
5f4928d947b9fe312e9980ad,vowels,french,0.10116078903921571,28.367400236437025,-0.00356609305738486,Spanish,85
5f4928d947b9fe312e9980ad,vowels,spanish,-0.03411863418397618,23.42207780983286,0.0014566869114256288,Spanish,85
5f4bf4536b68b57e64ad4f2d,stops,english,0.3192638132533786,1.5951282726687586,-0.20014930380440718,English,92.5
5f4bf4536b68b57e64ad4f2d,stops,hungarian,0.3256821810527363,1.6439251439646618,-0.19811253708747775,English,92.5
5f4bf4536b68b57e64ad4f2d,stops,spanish,-0.11028805229767531,0.6702698038521783,0.16454277316959115,English,92.5
5f4bf4536b68b57e64ad4f2d,vowels,english,3.5363549598009727,32.37529169787846,-0.10923005706949997,English,92.5
5f4bf4536b68b57e64ad4f2d,vowels,hungarian,7.980749983901569,50.78670426996069,-0.1571425060677155,English,92.5
5f4bf4536b68b57e64ad4f2d,vowels,spanish,4.582736157837225,35.6854798323664,-0.12842019161195994,English,92.5
5f4e8e05550a4d095a76387f,stops,english,-0.28185894577758647,1.4429763908601774,0.19533164060263425,Spanish,80
5f4e8e05550a4d095a76387f,stops,hungarian,-0.43900345415452907,1.135490113515359,0.3866202346715465,Spanish,80
5f4e8e05550a4d095a76387f,stops,spanish,0.4510420389210909,2.553144223525212,-0.17666140234660224,Spanish,80
5f4e8e05550a4d095a76387f,vowels,english,27.690063194406218,497.94688468833755,-0.05560846758131099,Spanish,80
5f4e8e05550a4d095a76387f,vowels,hungarian,1.8493004869310994,26.103430692870592,-0.07084511260951547,Spanish,80
5f4e8e05550a4d095a76387f,vowels,spanish,4.9253413575785,54.64859821391578,-0.09012749674381045,Spanish,80
5f51e044db8a35429f9d6e7b,stops,english,1.8786259240457903,2.1735904416973746,-0.8642961838656026,English,90.83333333333334
5f51e044db8a35429f9d6e7b,stops,french,6.226670496023298,9.67868534266523,-0.6433384571947096,English,90.83333333333334
5f51e044db8a35429f9d6e7b,stops,spanish,8.382331296543482,9.904874750424728,-0.8462834218256058,English,90.83333333333334
5f51e044db8a35429f9d6e7b,vowels,english,2.7885642249896745,25.498969435022445,-0.1093598795078998,English,90.83333333333334
5f51e044db8a35429f9d6e7b,vowels,french,74.48470064731843,491.4557874545574,-0.1515593112314415,English,90.83333333333334
5f51e044db8a35429f9d6e7b,vowels,spanish,7.499370797137412,50.79755590674783,-0.1476325122985142,English,90.83333333333334
5f56143fd7f57c9e86a26bfa,stops,english,-1.098261908821806,1.1532208639580739,0.9523430794100982,English,80
5f56143fd7f57c9e86a26bfa,stops,hungarian,-0.7068947367304016,1.0961963497274354,0.6448614218667741,English,80
5f56143fd7f57c9e86a26bfa,stops,spanish,-1.1880510063372194,1.5679293997953971,0.7577197075915861,English,80
5f56143fd7f57c9e86a26bfa,vowels,english,5.563364058164828,40.30991862254855,-0.13801476778603058,English,80
5f56143fd7f57c9e86a26bfa,vowels,hungarian,75.39104718446522,503.8401032677492,-0.14963288292357532,English,80
5f56143fd7f57c9e86a26bfa,vowels,spanish,54.300622337612644,506.82503343955545,-0.1071387929856243,English,80
5f5f5013f947f6000bd8ddcb,stops,english,-3.1958397013862987,0.4895304382274173,6.528377914473283,English,98.33333333333334
5f5f5013f947f6000bd8ddcb,stops,french,-2.164496328225597,0.4679527222091846,4.6254594224970065,English,98.33333333333334
5f5f5013f947f6000bd8ddcb,stops,spanish,-3.682906060195824,0.9975376186031337,3.691997165333023,English,98.33333333333334
5f5f5013f947f6000bd8ddcb,vowels,english,7.499370797142044,50.79755590677866,-0.1476325122985158,English,98.33333333333334
5f5f5013f947f6000bd8ddcb,vowels,french,164.32606998271555,931.9893551341515,-0.1763175395485738,English,98.33333333333334
5f5f5013f947f6000bd8ddcb,vowels,spanish,164.32606998271555,931.9893551341515,-0.1763175395485738,English,98.33333333333334
5f6265b707ccb62ae21f22a2,stops,english,0.3813538385175539,0.9938990062550636,-0.38369475783507057,Spanish,75
5f6265b707ccb62ae21f22a2,stops,hungarian,0.3743952036245911,1.387478612485801,-0.26983854039654437,Spanish,75
5f6265b707ccb62ae21f22a2,stops,spanish,0.2492006093594286,0.9911690902934522,-0.25142088448868855,Spanish,75
5f6265b707ccb62ae21f22a2,vowels,english,2.6256267053855784,50.816651522378706,-0.05166862882000994,Spanish,75
5f6265b707ccb62ae21f22a2,vowels,hungarian,27.365986278533438,509.5867362963538,-0.053702312735664594,Spanish,75
5f6265b707ccb62ae21f22a2,vowels,spanish,27.690063194406218,497.94688468833755,-0.05560846758131099,Spanish,75
5f627f278e84972eba87f841,stops,english,0.4510420389211024,2.5531442235252597,-0.17666140234660346,Spanish,87.5
5f627f278e84972eba87f841,stops,french,0.6140080158078328,2.6408052010191274,-0.2325078788737911,Spanish,87.5
5f627f278e84972eba87f841,stops,spanish,0.9673997119384078,3.3984463635072313,-0.2846594026983676,Spanish,87.5
5f627f278e84972eba87f841,vowels,english,3.450242092596703,29.021194744166543,-0.1188869763292645,Spanish,87.5
5f627f278e84972eba87f841,vowels,french,1.849300486930788,26.103430692865874,-0.07084511260951634,Spanish,87.5
5f627f278e84972eba87f841,vowels,spanish,98.55275294452787,498.7846076266249,-0.1975857944243169,Spanish,87.5
5f641323fc170219bf367bb9,stops,english,-0.2409272288969089,0.8064711980631576,0.29874250869160124,Spanish,72.5
5f641323fc170219bf367bb9,stops,spanish,0.3116246506333087,2.621469885261856,-0.11887401506509422,Spanish,72.5
5f641323fc170219bf367bb9,vowels,english,-0.6748190212578945,0.8628617629343436,0.7820708371211513,Spanish,72.5
5f641323fc170219bf367bb9,vowels,spanish,-26.536499978712854,-4.475450446515561e-14,-592934729047738.75,Spanish,72.5
5f67c61d4084d6407fb4a346,stops,english,-0.1246067130492021,0.8285168996440372,0.15039731006420984,Spanish,77.5
5f67c61d4084d6407fb4a346,stops,hungarian,0.33980196106202776,1.169040348888826,-0.29066743623093066,Spanish,77.5
5f67c61d4084d6407fb4a346,stops,spanish,0.11675777352612873,0.923808764573171,-0.1263873844930174,Spanish,77.5
5f67c61d4084d6407fb4a346,vowels,english,1.4047856228287832,33.42647149602544,-0.042026141556574956,Spanish,77.5
5f67c61d4084d6407fb4a346,vowels,hungarian,27.690063194406218,497.94688468833755,-0.05560846758131099,Spanish,77.5
5f67c61d4084d6407fb4a346,vowels,spanish,30.138575017115468,509.5867365859966,-0.05914317004997118,Spanish,77.5
5f6916f985575a0f22ec8f69,stops,english,-0.18841992427941384,0.8598729394917481,0.21912530982866454,Spanish,86.25
5f6916f985575a0f22ec8f69,stops,hungarian,-0.6947887503914812,0.7212021858146452,0.9633758245015186,Spanish,86.25
5f6916f985575a0f22ec8f69,stops,spanish,-0.1737027440007726,1.2584560586067886,0.13802845384452708,Spanish,86.25
5f6916f985575a0f22ec8f69,vowels,english,0.7626306538147315,33.41411046048944,-0.022823610842985186,Spanish,86.25
5f6916f985575a0f22ec8f69,vowels,hungarian,0.18737559439357374,50.813881736425266,-0.0036874883002542985,Spanish,86.25
5f6916f985575a0f22ec8f69,vowels,spanish,0.9931317279957833,30.635625266925167,-0.032417543932683764,Spanish,86.25
5f6aca6b9b8c12072e3b670c,stops,english,-0.22635651064605125,0.7060504513706863,0.32059537701111235,Spanish,90
5f6aca6b9b8c12072e3b670c,stops,hungarian,0.6584907683446757,0.8005830681275968,-0.8225139833206234,Spanish,90
5f6aca6b9b8c12072e3b670c,stops,spanish,-0.26285921906919957,1.842463674184026,0.14266724644414622,Spanish,90
5f6aca6b9b8c12072e3b670c,vowels,english,5.063702570820911,50.8150638742265,-0.09964963506400767,Spanish,90
5f6aca6b9b8c12072e3b670c,vowels,hungarian,51.680707196587015,508.2873744701068,-0.10167615760762211,Spanish,90
5f6aca6b9b8c12072e3b670c,vowels,spanish,4.160189529484699,28.13955713930027,-0.14784132916130704,Spanish,90
5f749c73a22350067f962e98,stops,english,-0.2512904427001204,0.4847006540533628,0.5184446123574958,Spanish,93.75
5f749c73a22350067f962e98,stops,hungarian,-0.2798502665204492,0.288871933409928,0.9687693200824863,Spanish,93.75
5f749c73a22350067f962e98,stops,spanish,-0.09148878430930842,0.4170185419258978,0.2193878092009768,Spanish,93.75
5f749c73a22350067f962e98,vowels,english,1.9954253484070656,38.649386267820454,-0.05162890128655058,Spanish,93.75
5f749c73a22350067f962e98,vowels,hungarian,1.3290340103841778,21.698199442331244,-0.061250889223156066,Spanish,93.75
5f749c73a22350067f962e98,vowels,spanish,1.1124686352325277,15.605589868733903,-0.0712865482554671,Spanish,93.75
5f83e5fac85c275782756b34,stops,english,3.794214599070333,5.245316487469235,-0.7233528440341965,Spanish,81.25
5f83e5fac85c275782756b34,stops,french,57.06977925385306,95.31390898089361,-0.5987560458284543,Spanish,81.25
5f83e5fac85c275782756b34,stops,spanish,2.855926682037831,6.741996809228031,-0.4236024968342931,Spanish,81.25
5f83e5fac85c275782756b34,vowels,english,10.156535716200088,54.576487908670465,-0.1860972756839221,Spanish,81.25
5f83e5fac85c275782756b34,vowels,french,207.4570421362775,925.0326926923104,-0.22426995691630439,Spanish,81.25
5f83e5fac85c275782756b34,vowels,spanish,97.88370680446776,486.5030020543783,-0.20119856689707932,Spanish,81.25
5f989fa02b5a611b2df1a305,stops,english,-0.9066024920130739,0.9275194822022835,0.9774484627109451,English,72.5
5f989fa02b5a611b2df1a305,stops,french,-0.9949142538462419,0.8343203127743646,1.1924847550910687,English,72.5
5f989fa02b5a611b2df1a305,stops,spanish,-1.8081458955063012,1.3376300839963111,1.3517533114269338,English,72.5
5f989fa02b5a611b2df1a305,vowels,english,2.1490008500316597,17.888274255780665,-0.12013460992958568,English,72.5
5f989fa02b5a611b2df1a305,vowels,french,52.149947885543526,495.6199996650583,-0.10522163738506646,English,72.5
5f989fa02b5a611b2df1a305,vowels,spanish,52.149947885543526,495.6199996650583,-0.10522163738506646,English,72.5
5fa0bf0afbd42f13cf56e987,stops,english,-26.536499978712875,-4.990462790586702e-15,-5317442708673743,English,65
5fa0bf0afbd42f13cf56e987,stops,french,-3.7149407362635136,0.7399849491543322,5.020292291767573,English,65
5fa0bf0afbd42f13cf56e987,stops,spanish,-2.581572360049896,0.686627507990194,3.7597858081834445,English,65
5fa0bf0afbd42f13cf56e987,vowels,english,2.158133364812387,21.597410015558253,-0.09992556344754855,English,65
5fa0bf0afbd42f13cf56e987,vowels,french,0.42989737124368643,19.196470548615988,-0.02239460478711181,English,65
5fa0bf0afbd42f13cf56e987,vowels,spanish,75.39104718446522,503.8401032677492,-0.14963288292357532,English,65
5fa379c756d0fe67b022823b,stops,english,0.03211709389599737,2.250468212182649,-0.014271294178755872,Spanish,92.5
5fa379c756d0fe67b022823b,stops,hungarian,1.4929765478011452,2.5846681912970766,-0.5776279341496122,Spanish,92.5
5fa379c756d0fe67b022823b,stops,spanish,0.33254425189157144,1.6955208067442835,-0.19613103570820725,Spanish,92.5
5fa379c756d0fe67b022823b,vowels,english,-1.314378681756789,16.44290919086536,0.07993589616653571,Spanish,92.5
5fa379c756d0fe67b022823b,vowels,hungarian,2.1874569170960863,27.190302519869103,-0.08044989258569739,Spanish,92.5
5fa379c756d0fe67b022823b,vowels,spanish,0.6394241502703334,1.3180134175792868,-0.48514236785595394,Spanish,92.5
5fac89c216b5ae293eb9cfd9,stops,english,-0.3501527831271537,0.7582444191210815,0.4617940789238291,English,74.16666666666666
5fac89c216b5ae293eb9cfd9,stops,french,-0.2847820135523617,0.7163873083723509,0.3975252076972068,English,74.16666666666666
5fac89c216b5ae293eb9cfd9,stops,spanish,1.2991686254846022,1.3867971063624713,-0.9368123278626417,English,74.16666666666666
5fac89c216b5ae293eb9cfd9,vowels,english,4.21851063659002,38.629831372503006,-0.10920344424782517,English,74.16666666666666
5fac89c216b5ae293eb9cfd9,vowels,french,51.680707196587015,508.2873744701068,-0.10167615760762211,English,74.16666666666666
5fac89c216b5ae293eb9cfd9,vowels,spanish,3.586276569522876,44.59793389101504,-0.08041351373556317,English,74.16666666666666
5fad49057daf5f0162284e86,stops,english,-0.49283470477436453,0.8534255243264468,0.5774782810290644,English,60.83333333333333
5fad49057daf5f0162284e86,stops,french,0.019633494478014615,0.10894349926030662,-0.18021721912110497,English,60.83333333333333
5fad49057daf5f0162284e86,stops,spanish,-0.2624284183335546,0.050938180433225656,5.1519001287760835,English,60.83333333333333
5fad49057daf5f0162284e86,vowels,english,75.39104718446522,503.8401032677492,-0.14963288292357532,English,60.83333333333333
5fad49057daf5f0162284e86,vowels,french,52.149947885543526,495.6199996650583,-0.10522163738506646,English,60.83333333333333
5fad49057daf5f0162284e86,vowels,spanish,5.546741422444063,50.81388173642488,-0.10915799448692769,English,60.83333333333333
5fb31c2b353c5ea37f63bdc6,stops,english,-0.37263658368815844,0.8653679512736058,0.4306105664529526,English,88.75
5fb31c2b353c5ea37f63bdc6,stops,hungarian,-0.2640669842076814,1.3465613873336408,0.19610467572560272,English,88.75
5fb31c2b353c5ea37f63bdc6,stops,spanish,-0.13981007322537883,0.9763347735829621,0.14319890780116598,English,88.75
5fb31c2b353c5ea37f63bdc6,vowels,english,2.1286581045104445,65.63381142637829,-0.0324323402564876,English,88.75
5fb31c2b353c5ea37f63bdc6,vowels,hungarian,1.2412410209331726,20.260171971348864,-0.061265078237661884,English,88.75
5fb31c2b353c5ea37f63bdc6,vowels,spanish,1.1667748665704203,19.039350694614306,-0.06128228243101105,English,88.75
5fb409b846be3f02e4bba819,stops,english,0.4535815789593503,1.375226474184643,-0.3298231872886784,Spanish,72.5
5fb409b846be3f02e4bba819,stops,hungarian,1.4392950918624492,3.5461192521253704,-0.4058789311723812,Spanish,72.5
5fb409b846be3f02e4bba819,stops,spanish,0.7611732756246997,1.817642549722719,-0.41876950764649323,Spanish,72.5
5fb409b846be3f02e4bba819,vowels,english,51.39191437872102,496.12665594385,-0.10358627935632911,Spanish,72.5
5fb409b846be3f02e4bba819,vowels,hungarian,5.723962821011496,44.580004211329616,-0.12839753881308072,Spanish,72.5
5fb409b846be3f02e4bba819,vowels,spanish,1.736337632604617,19.196470708323893,-0.09045087813207839,Spanish,72.5
5fbb445fed317dc4907cfad4,stops,english,-0.9638537808549551,1.0424238319254173,0.9246275376059478,English,76.66666666666667
5fbb445fed317dc4907cfad4,stops,french,-0.30146158242813775,2.058130960305927,0.14647346949356788,English,76.66666666666667
5fbb445fed317dc4907cfad4,stops,spanish,-0.4675012899538331,0.9913919963047038,0.471560484345636,English,76.66666666666667
5fbb445fed317dc4907cfad4,vowels,english,3.0080007730034275,33.41411046048943,-0.09002187194419684,English,76.66666666666667
5fbb445fed317dc4907cfad4,vowels,french,4.3244891999376645,21.778772096319795,-0.19856441771886774,English,76.66666666666667
5fbb445fed317dc4907cfad4,vowels,spanish,2.3436172655718326,16.659299933187818,-0.1406792167120418,English,76.66666666666667
5fbef81be5a619162a47170c,stops,english,-0.1581335298849002,1.1353399810320801,0.13928297472722578,Spanish,83.75
5fbef81be5a619162a47170c,stops,hungarian,0.12519591388001086,1.2174283560831947,-0.10283637082579619,Spanish,83.75
5fbef81be5a619162a47170c,stops,spanish,-0.027625617714623386,1.3328774428245216,0.020726299978549793,Spanish,83.75
5fbef81be5a619162a47170c,vowels,english,4.9253413575785,54.64859821391578,-0.09012749674381045,Spanish,83.75
5fbef81be5a619162a47170c,vowels,hungarian,4.5827361578384505,35.68547983237575,-0.12842019161196064,Spanish,83.75
5fbef81be5a619162a47170c,vowels,spanish,51.39191437872102,496.12665594385,-0.10358627935632911,Spanish,83.75
5fc1df101de4be2f7e501f2c,stops,english,-0.6757470927513775,1.6144754372363384,0.4185552019968309,English,65
5fc1df101de4be2f7e501f2c,stops,hungarian,0.01838084830809592,2.6037761329745446,-0.00705930439845368,English,65
5fc1df101de4be2f7e501f2c,stops,spanish,-0.9692976016852984,1.3361068740481217,0.7254641230521712,English,65
5fc1df101de4be2f7e501f2c,vowels,english,1.6626269890714027,4.542832925879873,-0.36598902407342637,English,65
5fc1df101de4be2f7e501f2c,vowels,hungarian,54.300622337612644,506.82503343955545,-0.1071387929856243,English,65
5fc1df101de4be2f7e501f2c,vowels,spanish,3.252434040350989,23.47625918987612,-0.13854140960215525,English,65
5fc58e33547d7a109d04a2b4,stops,english,-0.6569515338182743,0.7880379168762691,0.8336547261867644,Spanish,77.5
5fc58e33547d7a109d04a2b4,stops,french,0.03752074049262912,2.072463163081566,-0.018104418530093033,Spanish,77.5
5fc58e33547d7a109d04a2b4,stops,spanish,-0.07841437062788657,1.015878371289306,0.0771887391680233,Spanish,77.5
5fc58e33547d7a109d04a2b4,vowels,english,1.2879984446935195,15.871156054991348,-0.08115341064197114,Spanish,77.5
5fc58e33547d7a109d04a2b4,vowels,french,120.88544299004876,941.8629083243724,-0.12834717443657573,Spanish,77.5
5fc58e33547d7a109d04a2b4,vowels,spanish,75.39104718446522,503.8401032677492,-0.14963288292357532,Spanish,77.5
5fc679e8b4c6de107d3ba8f5,stops,english,-0.810388515868345,1.3358403944048598,0.6066507041280087,English,62.49999999999999
5fc679e8b4c6de107d3ba8f5,stops,hungarian,-0.7520141448211319,5.279683923938062,0.1424354479652661,English,62.49999999999999
5fc679e8b4c6de107d3ba8f5,stops,spanish,-0.3804542664165952,3.2747001594324288,0.11617987842970501,English,62.49999999999999
5fc679e8b4c6de107d3ba8f5,vowels,english,51.39191437872102,496.12665594385,-0.10358627935632911,English,62.49999999999999
5fc679e8b4c6de107d3ba8f5,vowels,hungarian,4.21851063659002,38.629831372503006,-0.10920344424782517,English,62.49999999999999
5fc679e8b4c6de107d3ba8f5,vowels,spanish,54.300622337612644,506.82503343955545,-0.1071387929856243,English,62.49999999999999
5fc9b1252395584af6debd51,stops,english,0.783896632955704,1.8823275676840656,-0.41645069987482386,Spanish,96.25
5fc9b1252395584af6debd51,stops,french,0.37041571130235873,1.973017494862303,-0.18774071302809714,Spanish,96.25
5fc9b1252395584af6debd51,stops,spanish,3.1095360990311627,5.12570497475364,-0.6066553019237355,Spanish,96.25
5fc9b1252395584af6debd51,vowels,english,0.06088500288244066,20.08469133294075,-0.0030314134219520533,Spanish,96.25
5fc9b1252395584af6debd51,vowels,french,2.187456917103298,27.190302519958077,-0.08044989258569936,Spanish,96.25
5fc9b1252395584af6debd51,vowels,spanish,2.6256267053855793,50.8166515223787,-0.051668628820009964,Spanish,96.25
5fceb47a2cc34e169c85d3d7,stops,english,-0.20245536030713354,0.963619662696681,0.21009882648156436,English,55.833333333333336
5fceb47a2cc34e169c85d3d7,stops,french,0.3808409799832956,2.048104112274149,-0.18594805688877897,English,55.833333333333336
5fceb47a2cc34e169c85d3d7,stops,spanish,0.1478677341150756,1.909369193392313,-0.07744323865012397,English,55.833333333333336
5fceb47a2cc34e169c85d3d7,vowels,english,6.247601540892292,35.39129381472374,-0.17652933440633697,English,55.833333333333336
5fceb47a2cc34e169c85d3d7,vowels,french,30.80300687017414,949.1609955302007,-0.03245287892700184,English,55.833333333333336
5fceb47a2cc34e169c85d3d7,vowels,spanish,2.1874569171036686,27.19030251996234,-0.08044989258570037,English,55.833333333333336
5fd34418e94b23000a800dcc,stops,english,0.5731957507511687,0.9608405413784067,-0.5965565836021772,Spanish,83.75
5fd34418e94b23000a800dcc,stops,french,0.5106845530527799,1.2768914467823171,-0.3999435929652999,Spanish,83.75
5fd34418e94b23000a800dcc,stops,spanish,0.22729735870024045,0.7285652979952688,-0.3119793919991458,Spanish,83.75
5fd34418e94b23000a800dcc,vowels,english,8.426913227755175,65.63324398624412,-0.1283939771363632,Spanish,83.75
5fd34418e94b23000a800dcc,vowels,french,120.88544299004876,941.8629083243724,-0.12834717443657573,Spanish,83.75
5fd34418e94b23000a800dcc,vowels,spanish,7.980749983901569,50.78670426996069,-0.1571425060677155,Spanish,83.75
5fd529f2c346b034c758c278,stops,english,-0.44871298615404315,0.4131441482727346,1.0860930453208986,English,65
5fd529f2c346b034c758c278,stops,french,1.02704087998677,2.530942881915126,-0.40579378038338976,English,65
5fd529f2c346b034c758c278,stops,spanish,-0.025819895246854734,1.2980882864426497,0.01989070814097934,English,65
5fd529f2c346b034c758c278,vowels,english,6.055034503398002,38.5130726821914,-0.15722023930326065,English,65
5fd529f2c346b034c758c278,vowels,french,164.32606998271555,931.9893551341515,-0.1763175395485738,English,65
5fd529f2c346b034c758c278,vowels,spanish,7.980749983901569,50.78670426996069,-0.1571425060677155,English,65
5fd9684eb6ce932447f5e810,stops,english,-0.27564862014851554,1.014870653699786,0.2716096077304217,Spanish,83.75
5fd9684eb6ce932447f5e810,stops,hungarian,0.7336399564523167,2.068047697645486,-0.3547500172687413,Spanish,83.75
5fd9684eb6ce932447f5e810,stops,spanish,0.46323784378538835,1.8788850062910099,-0.24654933230844042,Spanish,83.75
5fd9684eb6ce932447f5e810,vowels,english,75.19939077161192,490.8242258912535,-0.15321043013934893,Spanish,83.75
5fd9684eb6ce932447f5e810,vowels,hungarian,9.103346905446221,54.6209558251874,-0.16666399860487957,Spanish,83.75
5fd9684eb6ce932447f5e810,vowels,spanish,4.7848000969849585,28.620736598756107,-0.16717948821739662,Spanish,83.75
5fd9889065c9f726aeaed2ae,stops,english,-0.7094423221801741,2.273937838925478,0.3119884413882714,English,75
5fd9889065c9f726aeaed2ae,stops,hungarian,-13.22140863345109,94.58229102651285,0.1397873586054807,English,75
5fd9889065c9f726aeaed2ae,stops,spanish,-1.9452175033551116,6.487923850028096,0.29982125997774894,English,75
5fd9889065c9f726aeaed2ae,vowels,english,98.55275294452787,498.7846076266249,-0.1975857944243169,English,75
5fd9889065c9f726aeaed2ae,vowels,hungarian,1.6254740228518991,14.549003318345022,-0.11172408083805427,English,75
5fd9889065c9f726aeaed2ae,vowels,spanish,11.574280120336585,65.62290967237217,-0.17637560080956696,English,75
5fe1788f2178d1c1b4af5bbd,stops,english,-0.3810937648850767,0.3024822093262747,1.2598881955203094,English,53.33333333333333
5fe1788f2178d1c1b4af5bbd,stops,hungarian,-0.18169055672690587,0.2917889357595053,0.6226780198295683,English,53.33333333333333
5fe1788f2178d1c1b4af5bbd,stops,spanish,-0.22873553734284496,0.26797891907921606,0.853557951979161,English,53.33333333333333
5fe1788f2178d1c1b4af5bbd,vowels,english,3.9210693879554976,30.519190278512603,-0.12847881454824092,English,53.33333333333333
5fe1788f2178d1c1b4af5bbd,vowels,hungarian,2.2390495271789495,17.176910526815153,-0.13035228446253666,English,53.33333333333333
5fe1788f2178d1c1b4af5bbd,vowels,spanish,2.9998532536044586,21.607352152333114,-0.13883483882964073,English,53.33333333333333
5fe92ffe2c2ee638b14a6d29,stops,english,-0.3840470592866009,0.32550224464064287,1.1798599413979218,English,70.83333333333333
5fe92ffe2c2ee638b14a6d29,stops,hungarian,-0.06501557816624685,0.8308711268211462,0.07824989467980652,English,70.83333333333333
5fe92ffe2c2ee638b14a6d29,stops,spanish,-0.5149820190483216,0.48202664148157004,1.0683683737178076,English,70.83333333333333
5fe92ffe2c2ee638b14a6d29,vowels,english,1.2412410209331726,20.260171971348864,-0.061265078237661884,English,70.83333333333333
5fe92ffe2c2ee638b14a6d29,vowels,hungarian,2.0160335490671786,20.14619281146949,-0.10007020025736199,English,70.83333333333333
5fe92ffe2c2ee638b14a6d29,vowels,spanish,74.48470064731843,491.4557874545574,-0.1515593112314415,English,70.83333333333333
5fefa6ca19762831d10054bc,stops,english,-0.07376165199995702,0.9544078628366581,0.07728525180076072,Spanish,86.25
5fefa6ca19762831d10054bc,stops,english,-0.07376165199995702,0.9544078628366581,0.07728525180076072,Spanish,91.25
5fefa6ca19762831d10054bc,stops,hungarian,0.04722206462879427,1.6090441575216345,-0.029347898507353015,Spanish,86.25
5fefa6ca19762831d10054bc,stops,hungarian,0.04722206462879427,1.6090441575216345,-0.029347898507353015,Spanish,91.25
5fefa6ca19762831d10054bc,stops,spanish,-0.3865779884757765,1.5364079548369214,0.25161155099383026,Spanish,86.25
5fefa6ca19762831d10054bc,stops,spanish,-0.3865779884757765,1.5364079548369214,0.25161155099383026,Spanish,91.25
5fefa6ca19762831d10054bc,vowels,english,5.277821033062079,65.63381142637833,-0.08041314253069438,Spanish,86.25
5fefa6ca19762831d10054bc,vowels,english,5.277821033062079,65.63381142637833,-0.08041314253069438,Spanish,91.25
5fefa6ca19762831d10054bc,vowels,hungarian,120.88544299004876,941.8629083243724,-0.12834717443657573,Spanish,86.25
5fefa6ca19762831d10054bc,vowels,hungarian,120.88544299004876,941.8629083243724,-0.12834717443657573,Spanish,91.25
5fefa6ca19762831d10054bc,vowels,spanish,52.149947885543526,495.6199996650583,-0.10522163738506646,Spanish,86.25
5fefa6ca19762831d10054bc,vowels,spanish,52.149947885543526,495.6199996650583,-0.10522163738506646,Spanish,91.25
5ffdbbc7ccbb0e317390f548,stops,english,-0.35643400972119893,0.7892918763338341,0.4515870749573555,Spanish,76.25
5ffdbbc7ccbb0e317390f548,stops,spanish,0.1554141388910273,2.1819662203754953,-0.07122664752540579,Spanish,76.25
5ffdbbc7ccbb0e317390f548,vowels,english,0.1011607890357858,28.36740023544057,-0.003566093057389215,Spanish,76.25
5ffdbbc7ccbb0e317390f548,vowels,spanish,3.088968441645694,25.961248215825034,-0.11898381834209232,Spanish,76.25
60069526535f9aa0acab5ba3,stops,english,0.05432202417845025,0.8719901473701345,-0.06229660316952197,Spanish,66.25
60069526535f9aa0acab5ba3,stops,hungarian,-0.23044776900927422,0.7352682083542676,0.3134200097200988,Spanish,66.25
60069526535f9aa0acab5ba3,stops,spanish,0.05013393892150248,1.3770316821144977,-0.03640725160696334,Spanish,66.25
60069526535f9aa0acab5ba3,vowels,english,2.367240691012186,33.426471496025464,-0.070819341230607,Spanish,66.25
60069526535f9aa0acab5ba3,vowels,hungarian,2.829967940277716,28.39558724582716,-0.09966224384718758,Spanish,66.25
60069526535f9aa0acab5ba3,vowels,spanish,3.008000773003427,33.41411046048942,-0.09002187194419686,Spanish,66.25
